{
  "accuracy": 0.9979842773634348,
  "class_names": [
    "outside",
    "inside"
  ],
  "confusion_matrix": [
    [
      2231,
      5
    ],
    [
      5,
      2720
    ]
  ],
  "f1": 0.998165137614679,
  "num_samples": 4961,
  "precision": 0.998165137614679,
  "recall": 0.998165137614679,
  "support": {
    "inside": 2725,
    "outside": 2236
  }
}