{
  "accuracy": 0.9889135254988913,
  "class_names": [
    "outside",
    "inside"
  ],
  "confusion_matrix": [
    [
      2228,
      8
    ],
    [
      47,
      2678
    ]
  ],
  "f1": 0.9898355202365552,
  "num_samples": 4961,
  "precision": 0.9970215934475056,
  "recall": 0.9827522935779817,
  "support": {
    "inside": 2725,
    "outside": 2236
  }
}